Philips'in GC2995/30 modeliyle bunun arasÄ±nda kalmÄ±ÅŸtÄ±m. Hem yeni Ã¼rÃ¼n olmasÄ± hemde tabanÄ±nÄ±n iyileÅŸtirilmiÅŸ olmasÄ± nedeniyle DST5010/10 modelini tercih ettim. Ä°ndirimdeyken almÄ±ÅŸtÄ±m. Ã–nceki Ã¼tÃ¼nÃ¼z Ã¼st segmentte bir Ã¼tÃ¼ ise bu Ã¼tÃ¼ ilk baÅŸta bir hayal kÄ±rÄ±klÄ±ÄŸÄ± yaratabilir. Ancak FiyatÄ±na gÃ¶re performansÄ± makul diyebilirim. Hafif bir Ã¼tÃ¼, eli yormuyor. Su haznesi yeterli sÃ¼rekli takviye yapmanÄ±z gerekmiyor. Su akÄ±tma problemi ile karÅŸÄ±laÅŸmadÄ±m. EÅŸyalarÄ±n Ã¼zerine yapÄ±ÅŸma yada yakma(parlama) gibi bir problemde olmadÄ±. .SÃ¼rekli Buhar gÃ¼cÃ¼ bir tÄ±k az hatta iki tÄ±k az. ÃœtÃ¼ yaparken arka arkaya ÅŸok buhar vermek zorunda kalÄ±yorsunuz. Otomatik sÃ¼rekli ÅŸok buhar ayarÄ± var gibi gÃ¶zÃ¼kÃ¼yor ama ben bir tÃ¼rlÃ¼ yapamadÄ±m. Yada bÃ¶yle bir Ã¶zelliÄŸi yok. Kendim manuel dÃ¼ÄŸmeye basarak ÅŸok buhar verdim.  Bu sayede Ã¼tÃ¼leme sÃ¼resi kÄ±salÄ±yor. KÄ±rÄ±ÅŸÄ±klÄ±klar daha hÄ±zlÄ± Ã§Ã¶zÃ¼lÃ¼yor. Kullanma kÄ±lavuzu diye bir kaÄŸÄ±t parÃ§asÄ± koymuÅŸlar sadece gÃ¶rseller var. HiÃ§ bir aÃ§Ä±klama falan yazmÄ±yor..GÃ¼nÃ¼n sonunda fiyat performans aÃ§Ä±sÄ±ndan sÄ±nÄ±ftan geÃ§er not alÄ±yor. KullandÄ±kÃ§a Ã¼tÃ¼ye alÄ±ÅŸmaya baÅŸlÄ±yorsunuz. .Otomatik ÅŸok buhar verme gibi bir Ã¶zelliÄŸi var ise (ki Ã¶yle gÃ¶zÃ¼kÃ¼yor ama bir tÃ¼rlÃ¼ yapamadÄ±m), sÃ¼rekli buhar gÃ¼cÃ¼nÃ¼n az olmasÄ± dÄ±ÅŸÄ±nda eksi bir Ã¶zelliÄŸi yok diyebilirim..BekarsanÄ±z yada Ã‡ekirdek bir aile iseniz bu Ã¼tÃ¼ size yeterli gelecektir ancak kalabalÄ±k bir aile iseniz daha Ã¼st segmentte(sÃ¼rekli buhar gÃ¼cÃ¼ yÃ¼ksek olan ve otomatik ÅŸok buhar veren) bir Ã¼tÃ¼ye bakmanÄ±zÄ± tavsiye ederim.
ÃœtÃ¼yÃ¼ yorumlarÄ± okuyarak aldÄ±m iyikide almÄ±ÅŸÄ±m en inatÃ§Ä± kÄ±rÄ±ÅŸÄ±klarÄ± bile gÃ¼zel bir ÅŸekil de dÃ¼zleÅŸtiriyor buhar gÃ¼cÃ¼ Ã¼tÃ¼nÃ¼n uÃ§ kÄ±smÄ±nÄ±n Ã¼Ã§gen ÅŸekilde gelmesi utulenmesi gereken ufak tefek yerleri rahat utulemeyi saÄŸlÄ±yor Ã¼tÃ¼nÃ¼n aÄŸÄ±rlÄ±ÄŸÄ± iÃ§in Ã§ok aÄŸÄ±r yazmÄ±ÅŸlar ama gayet normal aÄŸÄ±rlÄ±ÄŸÄ± var  Ã¶yle aÅŸÄ±rÄ± bir aÄŸÄ±r deÄŸil Ã¼tÃ¼ Ã§okta memnun kaldÄ±m iyiki almÄ±ÅŸÄ±m diyorum kesinlikle tavsiye ederim
ÃœrÃ¼nÃ¼ hediye olarak aldÄ±m dedikleri gibi 1 gÃ¼nde elimdeydi hatta 24 saat olmadan teslim edildi ÅŸuan iÃ§in herhangi bir problemi yok normal kutusunun dÄ±ÅŸÄ±nda ekstra bir kutuya daha konulmuÅŸtu korunaklÄ± ÅŸekilde paketlenmiÅŸti
Hergun utu yapmasamda perdeleri falan guzel utuluyor  buhar basinci vs benim icin yeterli oldu.tekstille veya her gun herseyi utuleyen kisiler icin idealmi bilmiyorum 4 kisilik ailenin gunluk kiyafetleri icin gayeet yeterli oldu
Piyasaya gÃ¶re fiyatÄ± Ã§ok iyi gelir gelmez denedim aÃ§masÄ± falan da Ã§ok ideal uÄŸraÅŸtÄ±rmÄ±yo kol yormuyo sÃ¼rekli Ã¼tÃ¼ kullanÄ±yorsanÄ±z bilemem bana Ã§ok lazÄ±m olmuyo evde dursun diye aldÄ±m eco modunda bikaÃ§ kat geÃ§mek gerekiyo ama buhar moduna aldÄ±ÄŸÄ±mda baya iyi Philips kalitesi belli
24 saat iÃ§ersinde teslim edildi diyebilirim hÄ±zlÄ± kargo ve Ã¶zenli paketleme Ã¼rÃ¼n harika kalitede
Kesinlikle yeterli. Bence daha pahalÄ±larÄ±na gerek yok.
Hemen kargolandÄ±. KullanÄ±p yorumumu gÃ¼ncelleyeceÄŸim
Ben begendim.
BaÅŸarÄ±lÄ± ve gÃ¼zel bu fiyata inanÄ±lmaz.
Tavsiye ederim gÃ¼zel
Hafif ve gÃ¼zel, zemin Ã§ok yumuÅŸak ve kaygan
Ä°lk calismada bir garip calisti ama sonra duzeldi. Sorun dewam ederse serviseâ€¦
Kalitesi tartÄ±ÅŸÄ±lmaz
ÃœrÃ¼n gÃ¼zel kullanÄ±ÅŸlÄ±
BaÅŸarÄ±lÄ± ve gÃ¼zel bu fiyata inanÄ±lmaz.
Ã‡ok kullanÄ±ÅŸlÄ± hafif ve su akÄ±tmÄ±yor. Ã‡ok memnun kaldÄ±m
Hemen kargolandÄ±. KullanÄ±p yorumumu gÃ¼ncelleyeceÄŸim
Bekar bir erkek iÅŸin fazlasÄ±yla baÅŸarÄ±lÄ±
Ã‡ok memnunum
Anneme almÄ±ÅŸtÄ±m memnun kaldÄ±
SÃ¼per hafif ve gÃ¼zel utuluyor yormadan
Fiyat performans baÅŸarÄ±lÄ± Ã¼rÃ¼n
HÄ±zlÄ± teslimat ben de herhangi bir sÄ±kÄ±ntÄ± yok teÅŸekkÃ¼rler
GÃ¼zel Ã¼rÃ¼n
Hem uygun hem iyi.AldÄ± gÃ¼zel
Paketlemeyi beÄŸenmedim. Ama Ã¼rÃ¼n elime hasarsÄ±z ulaÅŸtÄ±. Ben iÃ§ine biraz su koydum denedim gayet gÃ¼zeldi. ÃœtÃ¼nÃ¼n tabanÄ± Ã§okkk gÃ¼zel. Ve aÄŸÄ±r bir Ã¼tÃ¼ deÄŸil tam da bana gÃ¶re.  Ã‡Ã¼nkÃ¼ aÄŸÄ±r olmasÄ± kÃ¶tÃ¼ bence Ã¼tÃ¼ yaparken benim gibi bir sÃ¼rÃ¼ Ã¼tÃ¼ birikiyorsa bilekler yoruluyor bir sÃ¼re sonra. Ama bu Ã§ok gÃ¼zel teÅŸekkÃ¼rler Philips ğŸ™‚ğŸ™‚ğŸ™‚
Fiyat performans Ã¼rÃ¼nÃ¼, sÃ¼rekli Ã¼tÃ¼ yapmayÄ± sevmem fakat ihtiyaÃ§ halinde iÅŸ gÃ¶recektir Philips kalitesi zaten malum Ã§ok gÃ¼zel paketlemesi de iyiydi bir gÃ¼nde ulaÅŸtÄ± teÅŸekkÃ¼rler
Ã–ncelikle kargo Ã§ok hÄ±zlÄ± geldi.Sorun yoktu.ÃœtÃ¼ fiyatÄ±na gÃ¶re Ã§ok iyi ve kaliteli.Bu fiyata alÄ±nacak en iyi Ã¼tÃ¼.Buhar Ã¶zelliÄŸi gayet iyi.Su akÄ±tmÄ±yor.AyrÄ±ca Ã§ok hafif.TabanÄ± da kaliteli.Kesinlikle tavsiye ederim.
Kesinlikle Ã§ok gÃ¼zel utuluyor ..kullanmaya basladim  hiÃ§ bir sÄ±kÄ±ntÄ± yaÅŸamadÄ±m kirisiklari Ã§ok gÃ¼zel aÃ§Ä±yor.. .Ã¼tÃ¼lenecekleri benim gibi biriktirip yapanlar iÃ§in biraz kol yorabilir ama diÄŸer utulerle kiyaslayjnca.fiyatina gÃ¶re Ã§ok Ã§ok iyi bir Ã¼tÃ¼
BirÃ§ok Ã¼tÃ¼ kullandÄ±m farklÄ± markalardan ama en iyisi bu kesinlikle.Tam 3kere aldÄ±k anneler gÃ¼nÃ¼ hediyesi olarak.Hepimiz memnuniyetle kullanÄ±yoruz.KumaÅŸÄ± asla tutmuyor ve kolunuzu yormadan Ã¼tÃ¼leme yapmanÄ±zÄ± saÄŸlÄ±yor.
Ã–ncelikle kargo Ã§ok hÄ±zlÄ± geldi.Sorun yoktu.ÃœtÃ¼ fiyatÄ±na gÃ¶re Ã§ok iyi ve kaliteli.Bu fiyata alÄ±nacak en iyi Ã¼tÃ¼.Buhar Ã¶zelliÄŸi gayet iyi.Su akÄ±tmÄ±yor.AyrÄ±ca Ã§ok hafif.TabanÄ± da kaliteli.Kesinlikle tavsiye ederim.
Bir kere Ã¼tÃ¼ yaptÄ±m.Plastik kokusu Ã§Ä±ktÄ± .inÅŸ ilk kullanÄ±mla alakalÄ±dÄ±r.Guzel zahmetsiz Ã¼tÃ¼ledi.
SatÄ±cÄ±ya teÅŸekkÃ¼rler, hemen geldi ğŸ˜‡ğŸ’ gÃ¼nlÃ¼k hafif bir Ã¼tÃ¼ arÄ±yorsanÄ±z tavsiye ediyorum, ben memnun kaldÄ±m.
Ã‡eyizime aldÄ±m denemek iÃ§in zorlu bi gÃ¶mleÄŸimi Ã¼tÃ¼ledim gÃ¼zeldi fiyat performans Ã¼rÃ¼nÃ¼ ve elime Ã§ok hÄ±zlÄ± bi ÅŸekilde ulaÅŸtÄ±
Annem sevdiğŸ˜‚ğŸ˜‚.Hafif bi Ã¼tÃ¼ pratik kullanim kolaylÄ±ÄŸÄ± saÄŸlÄ±yor .Hepsi buradaya ve satÄ±cÄ±ya teÅŸekkÃ¼r ediyorum
Ã‡ok beÄŸendim tavsiye ederim
Ã‡eyizim iÃ§in aldÄ±m hoÅŸ duruyor :)
AÅŸÄ±rÄ± gÃ¼zel hiÃ§bir ÅŸekilde Ã§izilme kusur yoktur paketleme gayet gÃ¼zeldi satÄ±cÄ±ya Ã§ok teÅŸekkÃ¼rlerimi sunuyorum ğŸ™ğŸ» Ã¼tÃ¼ baya iyi tuÅŸlarÄ± Ã§ok gÃ¼zel su akÄ±tma yapmÄ±yor derece ayarlama plazmasÄ±da Ã§ok gÃ¼zel ben Ã§ok araÅŸtÄ±rdÄ±m Ã¼tÃ¼ alirken hangi marka alsam hangisi iyi olur diye tereddÃ¼t ederek aldÄ±m ama aldÄ±ÄŸÄ±ma verdiÄŸim paraya deÄŸdi indirimden aldÄ±m Ã§eyizime aldÄ±m ben herÅŸeyini Ã§ok beÄŸendim dÃ¼ÅŸÃ¼nmenize bile gerek yok Philips diyorum baÅŸka birÅŸey demiyorum alÄ±n aldÄ±rÄ±n ğŸ¥°ğŸ˜‚ğŸ˜‚ğŸ˜‚
AÅŸÄ±rÄ± gÃ¼zel hiÃ§bir ÅŸekilde Ã§izilme kusur yoktur paketleme gayet gÃ¼zeldi satÄ±cÄ±ya Ã§ok teÅŸekkÃ¼rlerimi sunuyorum ğŸ™ğŸ» Ã¼tÃ¼ baya iyi tuÅŸlarÄ± Ã§ok gÃ¼zel su akÄ±tma yapmÄ±yor derece ayarlama plazmasÄ±da Ã§ok gÃ¼zel ben Ã§ok araÅŸtÄ±rdÄ±m Ã¼tÃ¼ alirken hangi marka alsam hangisi iyi olur diye tereddÃ¼t ederek aldÄ±m ama aldÄ±ÄŸÄ±ma verdiÄŸim paraya deÄŸdi indirimden aldÄ±m Ã§eyizime aldÄ±m ben herÅŸeyini Ã§ok beÄŸendim dÃ¼ÅŸÃ¼nmenize bile gerek yok Philips diyorum baÅŸka birÅŸey demiyorum alÄ±n aldÄ±rÄ±n ğŸ¥°ğŸ˜‚ğŸ˜‚ğŸ˜‚
Ä°yi ki olumsuz yorumlarÄ± okuyup almaktan vazgeÃ§ emilim, daha Ã¶nce axur serisini kullanÄ±yordum, boÅŸuna eziyet Ã§ekmiÅŸim. ÃœtÃ¼ hem hafif, hemde mÃ¼kemmel kÄ±rÄ±ÅŸÄ±klÄ±k aÃ§Ä±yor. 10numara beÅŸ yÄ±ldÄ±z tereddÃ¼tsÃ¼z alÄ±n. Su akÄ±tan diyenlere de Ä±sÄ±nmadan Ã§ok buharÄ± aÃ§mayÄ±n bu genel bilgidir zaten!
GÃ¶nÃ¼l rahatlÄ±ÄŸÄ±yla alabilirsiniz Ã§eyizime aldÄ±m uygun fiyatlÄ± istiyorsanÄ±z alÄ±n Ã§ok hafif buhar gÃ¼cÃ¼ yÃ¼ksek
EÅŸim Ã§ok beÄŸendi. bu konularda hassastÄ±r. tam bir fiyat performans Ã¼rÃ¼nÃ¼... buhar  iÃ§in Ã§ok fazla su tÃ¼ketiyormuÅŸ onun dÄ±ÅŸÄ±nda ilk izlenimler Ã§ok baÅŸarÄ±lÄ±... kargolama sÃ¼reside paketlemede gÃ¼zel
Ã–ncelikle kargo Ã§ok hÄ±zlÄ± geldi.Sorun yoktu.ÃœtÃ¼ fiyatÄ±na gÃ¶re Ã§ok iyi ve kaliteli.Bu fiyata alÄ±nacak en iyi Ã¼tÃ¼.Buhar Ã¶zelliÄŸi gayet iyi.Su akÄ±tmÄ±yor.AyrÄ±ca Ã§ok hafif.TabanÄ± da kaliteli.Kesinlikle tavsiye ederim.
BirÃ§ok Ã¼tÃ¼ kullandÄ±m farklÄ± markalardan ama en iyisi bu kesinlikle.Tam 3kere aldÄ±k anneler gÃ¼nÃ¼ hediyesi olarak.Hepimiz memnuniyetle kullanÄ±yoruz.KumaÅŸÄ± asla tutmuyor ve kolunuzu yormadan Ã¼tÃ¼leme yapmanÄ±zÄ± saÄŸlÄ±yor.
fiyat personmans Ã¼rÃ¼nÃ¼ Ã¶bÃ¼r Ã¼tÃ¼ler bu fiyata olsada onlardan herkes ÅŸikayetÃ§i ama bu Ã¼tÃ¼ Ã§ok yÄ±ldÄ±z aldÄ±ÄŸÄ± iÃ§in ben bunu almak zorunda kaldÄ±m lakin memnunuz fÄ±rsatÃ§Ä±lar bÃ¶yle yok olur yoksa olmaz.
Kesinlikle Ã§ok gÃ¼zel utuluyor ..kullanmaya basladim  hiÃ§ bir sÄ±kÄ±ntÄ± yaÅŸamadÄ±m kirisiklari Ã§ok gÃ¼zel aÃ§Ä±yor.. .Ã¼tÃ¼lenecekleri benim gibi biriktirip yapanlar iÃ§in biraz kol yorabilir ama diÄŸer utulerle kiyaslayjnca.fiyatina gÃ¶re Ã§ok Ã§ok iyi bir Ã¼tÃ¼
FiyatÄ±na gÃ¶re Ã§ok Ã§ok iyi. ÃœtÃ¼ rahatlÄ±kla kayÄ±yor, hÄ±zlÄ± Ä±sÄ±nÄ±yor. Buhar pÃ¼skÃ¼rtmesi Ã§ok gÃ¼Ã§lÃ¼ deÄŸil, ama o iddiada da deÄŸil zaten. Hafif ve kullanÄ±ÅŸlÄ±.
FiyatÄ±na gÃ¶re Ã§ok Ã§ok iyi. ÃœtÃ¼ rahatlÄ±kla kayÄ±yor, hÄ±zlÄ± Ä±sÄ±nÄ±yor. Buhar pÃ¼skÃ¼rtmesi Ã§ok gÃ¼Ã§lÃ¼ deÄŸil, ama o iddiada da deÄŸil zaten. Hafif ve kullanÄ±ÅŸlÄ±.
ÃœtÃ¼m de Ã¼tÃ¼m :) fiyatÄ±na gÃ¶re bir deÄŸerlendirme yapmak gerekirse mÃ¼kemmel. Tek geÃ§iÅŸte kÄ±rÄ±ÅŸÄ±klÄ±k aÃ§tÄ±ÄŸÄ±nÄ± sÃ¶yleyemem Ã§ok gÃ¼Ã§lÃ¼ deÄŸil ama su damlatmÄ±yor ve Ã§ok pratik bir kullanÄ±m kolaylÄ±ÄŸÄ± var. Her ÅŸeyi Ã¼tÃ¼leyen biri deÄŸilseniz bundan fazlasÄ±na ihtiyacÄ±nÄ±z yok.
BaÅŸka bir model Philips Ã¼tÃ¼ zaten kullanÄ±yorum. Bu Ã¼rÃ¼n de kaliteli, memnunuz.
Tefal buharlÄ± pro2 var Ä±sÄ±nmasÄ± falan 2/3 dk sÃ¼rÃ¼yor bunu tek parÃ§a kolay Ã¼tÃ¼ iÃ§in aldÄ±k,parasÄ±na gÃ¶re iyi buhar basÄ±ncÄ± az ama kÄ±rÄ±ÅŸÄ±klaeÄ± %85 aÃ§Ä±yor parasÄ±na gÃ¶rr iyi
Phiyin en ucuz Ã¼tÃ¼sÃ¼ bÃ¶yleyse diÄŸerlerini dusunemiyom.simdiye kadar eziyet Ã§ekmiÅŸim Ã¼tÃ¼ yaparken
Valla Ã¼tÃ¼m bozulmuÅŸtu tefaldi eski marka ama bu ne philips candir yav hem hafifi hem yag gibi kayÄ±yor hemde ucuz
ÃœrÃ¼nÃ¼m elime ulaÅŸtÄ± ilgi ve alakanÄ±z iÃ§in Ã§ok teÅŸekkÃ¼r ederim Ã§ok memnun kaldÄ±m
ÃœrÃ¼n gÃ¼zel ilk iki kullanÄ±mda damlama yaptÄ±.  SonrasÄ±nda problem olmadÄ±. Ama bence 5 yÄ±ldÄ±zlÄ±k bir Ã¼rÃ¼n deÄŸil. Kargoda problem yaÅŸamadÄ±m. Bazen kutular yÄ±rtÄ±k ezik geliyor Ã¶yle bir ÅŸey olmadÄ±.
Ä°ikini anneme aldÄ±m ikinciyi kÄ±zkardeÅŸime Ã§ok gÃ¼zel fiyat performans Ã¼rÃ¼nÃ¼
Hafif bir Ã¼rÃ¼n, buhar kapasitesi de iyi beÄŸendim bana yeter iki kat para vermeye gerek yok bence
GerÃ§ekten kaliteli ve kullanÄ±ÅŸlÄ± bir Ã¼tÃ¼..
ÃœrÃ¼n gÃ¶rÃ¼ntÃ¼ olarak Ã§ok gÃ¼zel Ã§ok aÅŸÄ±rÄ± hÄ±zlÄ± kargolandÄ± DÃ¼n hissettim bugÃ¼n elimdeydi KullanÄ±ma hakkÄ±nda henÃ¼z bir yorum yapamayacaÄŸÄ±m Ã‡eyizim iÃ§in aldÄ±m daha kullanmadÄ±m yalnÄ±z garanti belgesi kutunun Ã¼stÃ¼nde asÄ±lÄ± garanti sÃ¼resi baÅŸlatÄ±lmÄ±ÅŸ bir ÅŸekilde mi yollanÄ±yor ona bir aÃ§Ä±klama eklememiÅŸler satÄ±cÄ± da soru kabul etmiyor
Hafif ama Ã§ok gÃ¼zel beÄŸendim
ÃœtÃ¼ denilince marka olarak Philips tek geÃ§erim bu Ã¼rÃ¼nÃ¼ bilerek aldÄ±m anne hediyesi olarak bende de var Ã§ok memnunuz buhar sÃ¼resi sÄ±caklÄ±k kÄ±rÄ±ÅŸÄ±klÄ±k aÃ§ma soÄŸuma tasarÄ±m kullanÄ±m Ã¶mrÃ¼ herÅŸey Ã§ok gÃ¼zel.
Kaliteli gayet iyi bir Ã¼tÃ¼ memnun kaldÄ±mteÅŸekkÃ¼rler
Ã‡eyiz iÃ§in alÄ±ndÄ± 2. Kez aldÄ±m Ã§ok gÃ¼zel kullanÄ±ÅŸlÄ± philips kalitesi bilen bilir
Bu ÅŸalÄ±m zor Ã¼tÃ¼leniyor fakat Ã¼zerinden bir kere geÃ§ince bile Ã§ok iyi oldu. Ã‡ok tereddÃ¼tlerim vardÄ± epey araÅŸtÄ±rdÄ±m fakat memnunum. Ä°lk baÅŸta Ã§ok fazla su akÄ±ttÄ± korktum. Sonra hiÃ§ akmadÄ±. Ä°lk seferde hepsi akÄ±yormuÅŸ zaten o yÃ¼zden sorun etmedim. Performans olarak baÅŸarÄ±lÄ± buldum
7-8 yÄ±l Ã¶nce annem Azur serisinden almÄ±ÅŸtÄ± ve hiÃ§ memnun deÄŸildik. Ã‡ok para vermek istemediÄŸim iÃ§in bunu aldÄ±m piÅŸman olur muyum bilmiyorum Ã‡eyize kaldÄ±rÄ±yorum. Bi Ã§alÄ±ÅŸÄ±yor mu diye denedim fena deÄŸil Ã§ok zorlu kÄ±rÄ±ÅŸÄ±klarÄ± aÃ§mÄ±yor maalesef. Hafif kÄ±yafetleri ÅŸallarÄ± Ã¼tÃ¼lemek iÃ§in ideal gibi
Biraz aÄŸÄ±r geldi. Daha kullanmadÄ±m.  UmarÄ±m memnun kalÄ±rÄ±m. HÄ±zlÄ± teslimat oldu teÅŸekkÃ¼rler ğŸ‘ğŸ™
Harika tavsiye ediyorum  Ã§ok hafif ve kullanÄ±ÅŸlÄ±
Ã‡okk beÄŸendim performansÄ±nÄ± sorunsuz saÄŸlam bir ÅŸekilde ulaÅŸtÄ± kesinlikle tavsiye ğŸ§¿ğŸ¤©
Gayet baÅŸarÄ±lÄ±
AlÄ±r almaz hemen heyecanla iki gÃ¶mlek Ã¼tÃ¼ledim. Meger daha Ã¶nce Ã¼tÃ¼ yaparken eziyet Ã§ekiyormuÅŸum. O kadar hafif ki resmen yaÄŸ gibi kayÄ±yor. KÄ±rÄ±ÅŸÄ±klarÄ± Ã§ok gÃ¼zel aÃ§tÄ±. 2 mt kablosu var. Rengide sade ve ÅŸÄ±k. PahalÄ± Ã¼tÃ¼ye hacet yok. Dikey buhar Ã§Ä±kÄ±yor. Su pÃ¼skÃ¼rtme sÃ¼per. Tavsiye ediyorum.
Philips kalitesi anlatmaya gerek yok tavsiye ederim alacaklara
ÃœrÃ¼n gayet iyi tavsiye ediyorum
GÃ¼zel Ã¼rÃ¼n. paketleme gÃ¼zel. tavsiye ederim
FiyatÄ±na gÃ¶re gayet gÃ¼zel kullanÄ±ÅŸlÄ± bir Ã¼tÃ¼. KÄ±rÄ±ÅŸÄ±klarÄ± Ã§ok iyi aÃ§Ä±yor. Ä°lk kullanÄ±mda su akÄ±tÄ±yor ama sonra normale dÃ¶nÃ¼yor. GÃ¶nÃ¼l rahatlÄ±ÄŸÄ±yla alabilirsiniz.
Gayet memnunum. PhÄ±lips kaletesi belli olÄ±yor
FiyatÄ±na gÃ¶re alÄ±nabilecek en gÃ¼zel Ã¼tÃ¼. TabanÄ± harika Ä±sÄ±nmasÄ± Ã§ok hÄ±zlÄ± buhar gÃ¼cÃ¼ yÃ¼ksek fazlasÄ±na ev iÃ§in gerek yok
philips farkÄ± belli oluyor Ã§ok Ã§ok kaliteli parasÄ±nÄ± sonuna kadar hakediyor ayrÄ±ca 24 saat geÃ§meden teslim edildi Ã§ok teÅŸekkÃ¼r ederim
FiyatÄ± uygun diye aldÄ±m. ÃœtÃ¼ sÃ¼per Ã§Ä±ktÄ±. Bir tÄ±k aÄŸÄ±r ama resmen kayÄ±yor kumaÅŸÄ±n Ã¼zerinde. Burnunun sivriliÄŸi gÃ¶mlek dÃ¼ÄŸmeleri iÃ§in Ã§ok ideal. ÃœtÃ¼mÃ¼zÃ¼n bozulmasÄ±yla yeni Ã¼tÃ¼ alma arasÄ±nda 1 hafta vardÄ±. O arada tÃ¼m Ã§amaÅŸÄ±rlar fazlasÄ±yla kurudu ama Ã¼tÃ¼nÃ¼n muhteÅŸem buharÄ± sayesinde Ã§ok rahat aÃ§Ä±ldÄ±. Son olarak zÄ±rt pÄ±rt su doldurmak zorunda deÄŸilsiniz. Bir kere doldurdum 5 pantolon, 6 gÃ¶mlek ve 6 tiÅŸÃ¶rt Ã¼tÃ¼lemeye yetti. Ä°yi ki eskisi kÄ±rÄ±lmÄ±ÅŸ diyorum.
Gayet kullanÄ±ÅŸlÄ± gÃ¼zel
Ã‡ok kaliteli Ã§ok gÃ¼zel bi Ã¼rÃ¼n â¤ï¸
HiÃ§ bu kadar memnun kalacaÄŸÄ±mÄ± dÃ¼ÅŸÃ¼nmemiÅŸtim arkadaÅŸÄ±ma bile aynÄ±sÄ±ndan aldÄ±rdÄ±m gerÃ§ekten mÃ¼kemmel â˜ºï¸ paketleme kargo hÄ±zÄ± hepsi bir bÃ¼tÃ¼n olarak iyi tereddÃ¼t etmeden alÄ±n derim
GerÃ§ekten Ã§ok gÃ¼zel bir Ã¼tÃ¼. Asla sizi yormuyor altÄ± kayÄ±p gidiyor Ã¼tÃ¼ yaparken. Ã‡ok da iyi paketleme yapÄ±lmÄ±ÅŸtÄ± sorunsuz geldi. Ben aldÄ±ktan sonra fiyatÄ± hemen arttÄ± 24 saat bile dolmadan
YÄ±llar Ã¶nce kaliteli diye onca para verdiÄŸim Te..al marka Ã¼tÃ¼mden daha kÃ¶tÃ¼ deÄŸil. AynÄ± zamanda hafif ve gayet gÃ¼zel bir Ã¼tÃ¼. Fiyat performans Ã¼rÃ¼nÃ¼. Ben beÄŸendim.
MuhteÅŸem bir Ã¼rÃ¼n gÃ¶nderilmiÅŸ
KullanmadÄ±m.zarar gÃ¶rmeden elime ulaÅŸtÄ±.bu yÃ¶nden gÃ¼zel.Ã§eyiz iÃ§in alÄ±ndÄ±ÄŸÄ± iÃ§in kullanadÄ±k.sadece fiÅŸe takÄ±p Ã§alÄ±ÅŸtÄ±ÄŸÄ±na baktÄ±m.hemen Ä±sÄ±ndÄ±.zaten Philips Ã¼tÃ¼ de kalitesi oldukÃ§a baÅŸarÄ±lÄ± bildiÄŸim bi marka..
KullanmadÄ±m.zarar gÃ¶rmeden elime ulaÅŸtÄ±.bu yÃ¶nden gÃ¼zel.Ã§eyiz iÃ§in alÄ±ndÄ±ÄŸÄ± iÃ§in kullanadÄ±k.sadece fiÅŸe takÄ±p Ã§alÄ±ÅŸtÄ±ÄŸÄ±na baktÄ±m.hemen Ä±sÄ±ndÄ±.zaten Philips Ã¼tÃ¼ de kalitesi oldukÃ§a baÅŸarÄ±lÄ± bildiÄŸim bi marka..
ÃœrÃ¼n ilk kullandÄ±ÄŸÄ±nÄ±zda su akÄ±tmaya baÅŸlÄ±yor yorumlarda geÃ§ici olduÄŸunu okudum Ã¶yle de oldu, sadece ilk su koyduÄŸunuzda buhar sistemi aÃ§Ä±lÄ±rken diye tahmin ediyorum bir su akÄ±tmasÄ± oluyor ama Ã¼tÃ¼sÃ¼ sorunsuz. Fiyat performans Ã¼rÃ¼nÃ¼ diyebilirim
ÃœrÃ¼n gerÃ§ekten gÃ¶rÃ¼ndÃ¼ÄŸÃ¼ gibi onnumara hiÃ§ terettÃ¼t etmeden alabilirsiniz
Fiyat performans Ã¼rÃ¼nÃ¼. ÃœtÃ¼ ihtiyacÄ± olanlar tereddÃ¼t etmeden alabilirler.
Fiyat performans Ã¼rÃ¼nÃ¼, 1 yÄ±l sonra yorum yapÄ±yorum ki hiÃ§ bir sÄ±kÄ±ntÄ± Ã§Ä±karmadÄ±.
ÃœrÃ¼n Ã§ok gÃ¼zel
Ã‡ok kÄ±sa sÃ¼rede elime ulaÅŸtÄ± tavsiye ederim sadece paketleme daha iyi olabilirdi Ã¼tÃ¼nÃ¼n kutusunu direk koli iÃ§ine koymuÅŸlar en azÄ±ndan kolinin iÃ§ine kÃ¶pÃ¼k veya pÄ±t pÄ±t poÅŸet iÃ§erisinde daha iyi olurdu neyse ki Ã¼rÃ¼nÃ¼m sorunsuz bir ÅŸekilde geldi
HenÃ¼z deneme fÄ±rsatÄ±m olmadÄ± Ã§eyizim iÃ§in aldÄ±m ama yorumlar Ã§ok olumluydu paketleme her ÅŸey Ã§ok Ã¶zenliydi teÅŸekkÃ¼rler.
Ã–ncelikle kargo Ã§ok hÄ±zlÄ±ydÄ±. 3 gÃ¼n iÃ§inde elimdeydi. Kargo gÃ¼zel paketlenmisti. Yorumlara bakarak Ã§eyiz iÃ§in aldÄ±m â˜ºï¸
Fiyat performans Ã¼rÃ¼nÃ¼ iÅŸimi Ã§ok rahat hallediyor.
ÃœrÃ¼n, sÃ¶z verilen tarihte elime ulaÅŸtÄ±, ilk denememde su akÄ±ttÄ±ÄŸÄ±nÄ± gÃ¶rdÃ¼m ama moralimi bozmadÄ±m, ÅŸansÄ±ma arÄ±zalÄ± Ã¼rÃ¼n gelmiÅŸ dedim, iade ve deÄŸiÅŸim talebi oluÅŸturdum, ertesi gÃ¼n hepsijet ile kapÄ±mÄ±zdan aldÄ±lar, satÄ±cÄ±ya geri gÃ¶nderdik, hemen yenisini kargoladÄ±. Bu kez sorunsuz Ã§alÄ±ÅŸÄ±yor. Hem satÄ±cÄ±dan hem de Hepsiburada'nÄ±n eziyetsiz sisteminden memnunum.
ÃœrÃ¼nÃ¼ kullananlar Ã§ok iyi olduÄŸundan bahsediyor.AyÄ±n 15 inde Ä°zmirden kargoya verilen Ã¼tÃ¼ 3 saatlik Ã‡anakkaleye 5 gÃ¼n geÃ§mesine raÄŸmen ne yazÄ±kki daha gelmedi.
Ã‡ok memnun kaldÄ±m bu fiyata mÃ¼kemmel performans bir kere de kÄ±rÄ±ÅŸÄ±klÄ±k aÃ§Ä±yor aÄŸÄ±rlÄ±ÄŸÄ± da gÃ¼zel hafif Ã¼tÃ¼lerden deÄŸil ..
Ã¼rÃ¼nÃ¼ alalÄ± 2 yÄ±l oldu hala saÄŸlam ve kullanÄ±ÅŸlÄ± tek bir kusuru var. haznedeki su azalÄ±nca buhar pÃ¼skÃ¼rtme miktarÄ± da azalÄ±yor. su haznesini dolu veya doluya yakÄ±n kullanÄ±rsanÄ±z sorun yok. o Ã§ok pahalÄ± Ã¼tÃ¼lerden hiÃ§ bir farkÄ± yok
TeÅŸekkÃ¼r ederim hÄ±zlÄ± kargo kaliteli Ã¼rÃ¼n alÄ±r almaz kullanmaya baÅŸladÄ±k.
Ã‡ok gÃ¼zel Ã¼tÃ¼ paketlenmesi de Ã§ok gÃ¼zeldi bu fiyata alabileceÄŸiniz en gÃ¼zel Ã¼tÃ¼ tereddÃ¼tsÃ¼z alabilirsiniz
ÃœrÃ¼n kaliteli
ÃœrÃ¼n f/p Ã¼rÃ¼nÃ¼ pahalÄ± almaya gerek yok
Kesinlikle mÃ¼kemmel bir Ã¼rÃ¼n buhar kapasitesi Ã§ok iyi ve rahat bir ÅŸekilde Ã¼tÃ¼ yapmanÄ±zÄ± saÄŸlÄ±yor...
Ä°htiyacÄ± olan alabilir. KullanÄ±ÅŸlÄ±
Sorunsuz elimize ulasti. Memnunuz.
KullanÄ±mÄ± kolay
Cumartesi gÃ¼nÃ¼ sipariÅŸ verdim pazartesi sabah teslim edildi. Bu markanÄ±n ikinci utusunu kullanÄ±yorum ve Ã§ok memnunum. Kesinlikle tavsiye ederim. 3. kademe ayarÄ±nda buhar dÃ¼ÄŸmesine bastÄ±ÄŸÄ±mda biraz su akÄ±tÄ±yor. 2.kademede kullandÄ±m bir sorun olmadÄ±. Buhar seviyesi gayet yeterli. Pamuklu gÃ¶mlekleri cok gÃ¼zel utuledi.
Ã‡ok hÄ±zlÄ± geldi Philips gerÃ§ekten gÃ¼zel bir marka Ã¼tÃ¼sÃ¼ndede tavsiye ederim Ã¼tÃ¼ hafif burhar gÃ¼cÃ¼ Ã§ok gÃ¼zel
DÃ¼n sipariÅŸ verdim bugÃ¼n sabah kapÄ±mdaydÄ±, mÃ¼kemmel hÄ±z. ÃœrÃ¼n kutusu ve evraklarÄ±yla birlikte sorunsuz ulaÅŸtÄ±. ÃœrÃ¼nÃ¼ aÃ§Ä±p hemen denedim tiÅŸÃ¶rtÃ¼n kÄ±rÄ±ÅŸÄ±klÄ±ÄŸÄ±nÄ± aÃ§mada kendinden pahalÄ± Ã¼tÃ¼lerle eÅŸdeÄŸer. Ä°lk kullanÄ±mda su akÄ±tmada yapmadÄ±. Zamanla kullandÄ±kÃ§a olumsuzluk gÃ¶rÃ¼rsem yorumumu gÃ¼ncelleyeceÄŸim.
Ã‡eyiz iÃ§in hediye aldÄ±m Philips in kalitesine gÃ¼vendiÄŸim iÃ§in bu markayÄ± tercih ettim uzun yÄ±llar kullanÄ±lir diye dÃ¼ÅŸÃ¼nÃ¼yorum gayet bÃ¼yÃ¼k ve hafif
Paketleme gÃ¼zeldi hizli geldi severek kullaniyorim pratik kÃ¼Ã§Ã¼k bir Ã¼tÃ¼ ama iyi aÃ§Ä±yor kÄ±rÄ±ÅŸÄ±klari tek sorunumuz Ã¼tÃ¼yÃ¼ kapattiktan sonra su akÄ±tiyor iÃ§inde su birakmiyor bosaltmayi unutursaniz her yeri Ä±slatÄ±yor bence bu duruma Ã§Ã¶zÃ¼m bulunmali baska marka utulerde de yasiyorum bu sorunu.
ÃœrÃ¼n fiyatÄ±nÄ±n Ã¼stÃ¼nde bir performans veriyor annemin piyasada kullanmadÄ±ÄŸÄ± marka kalmadÄ± en son Steam glude tabanlÄ± bu modele bayÄ±ldÄ±
Paketleme gÃ¼zeldi hizli geldi severek kullaniyorim pratik kÃ¼Ã§Ã¼k bir Ã¼tÃ¼ ama iyi aÃ§Ä±yor kÄ±rÄ±ÅŸÄ±klari tek sorunumuz Ã¼tÃ¼yÃ¼ kapattiktan sonra su akÄ±tiyor iÃ§inde su birakmiyor bosaltmayi unutursaniz her yeri Ä±slatÄ±yor bence bu duruma Ã§Ã¶zÃ¼m bulunmali baska marka utulerde de yasiyorum bu sorunu.
diÄŸer Ã¼tÃ¼ fiyatlarÄ± ile kÄ±yaslayÄ±nca uygun kaldÄ±ÄŸÄ± iÃ§in insan bi miktar tereddÃ¼te dÃ¼ÅŸÃ¼yor fakat aldÄ±ktan beri yaklaÅŸÄ±k 20 parÃ§a kÄ±yafet Ã¼tÃ¼ledim, kÄ±rÄ±ÅŸÄ±klÄ±klarÄ± gayet iyi aÃ§Ä±yor. su damlatmÄ±yor, buhar gÃ¼cÃ¼ gayet iyi. fiyat/performans diyebilirim.
17 yÄ±llÄ±k Philips Ã¼tÃ¼mÃ¼z ufak bir kablo soketi harici hiÃ§ tamir gÃ¶rmedi. Anneme verdik ve bunu aldÄ±k. Ã‡ok gÃ¼zel Ã§ok beÄŸendik.
BeÄŸendik GÃ¼zel zaten markasi ortada Ã§ok ta ÅŸey yapmaya grrek yok
ÃœrÃ¼n anlatÄ±ldÄ±ÄŸÄ± gibi geldi. Paketleme Ã§ok iyi. Philips kalitesi zaten tartÄ±ÅŸÄ±lmaz...
ÃœrÃ¼n beklediÄŸim gibi geldi tavsiye ediyorum rahatlÄ±kla alabilirsiniz
ÃœtÃ¼yÃ¼ beÄŸendim. AldÄ±ktan sonra 1 hafta sonra yeniden sipariÅŸ vereyim dedim 400 tl zam gelmiÅŸ. ğŸ™„
Uruden Ã§ok memnunum kÄ±rÄ±ÅŸÄ±klÄ±klarÄ± gayet gÃ¼zel aÃ§Ä±yor buhar gucude Ã§ok iyi
24 saat iÃ§ersinde teslim edildi diyebilirim hÄ±zlÄ± kargo ve Ã¶zenli paketleme Ã¼rÃ¼n harika kalitede
